{
  "best_f1_macro": 0.9493779493779494,
  "all_results": [
    {
      "algorithm": "logreg",
      "f1_macro": 0.9303834808259587,
      "train_seconds": 0.17135906219482422,
      "n_train": 6497,
      "n_test": 2166
    },
    {
      "algorithm": "rf",
      "f1_macro": 0.9303834808259587,
      "train_seconds": 0.8219788074493408,
      "n_train": 6497,
      "n_test": 2166
    },
    {
      "algorithm": "gboost",
      "f1_macro": 0.9493779493779494,
      "train_seconds": 2.159137010574341,
      "n_train": 6497,
      "n_test": 2166
    }
  ],
  "label_distribution": {
    "none": 8427,
    "flood": 225,
    "fire": 11
  }
}