{
  "best_f1_macro": 0.9493779493779494,
  "all_results": [
    {
      "algorithm": "logreg",
      "f1_macro": 0.9303834808259587,
      "train_seconds": 0.15752410888671875,
      "n_train": 6497,
      "n_test": 2166
    },
    {
      "algorithm": "rf",
      "f1_macro": 0.9303834808259587,
      "train_seconds": 0.755669116973877,
      "n_train": 6497,
      "n_test": 2166
    },
    {
      "algorithm": "gboost",
      "f1_macro": 0.9493779493779494,
      "train_seconds": 2.0003740787506104,
      "n_train": 6497,
      "n_test": 2166
    }
  ],
  "label_distribution": {
    "none": 8427,
    "flood": 225,
    "fire": 11
  }
}